{"valid_rmse":1.4319185018539429,"epoch":351,"train_rmse":0.905153301543043,"_step":351,"_timestamp":1.7283380910914536e+09,"_runtime":2951.65056843,"train_loss":0.8193024992942709,"valid_pr":0.6044068502391563,"_wandb":{"runtime":2951}}