{"_wandb":{"runtime":333},"train_rmse":0.2872398495204547,"_step":111,"_timestamp":1.7285648509052227e+09,"epoch":111,"valid_pr":-0.24844092574495066,"train_loss":0.08250673115253347,"valid_rmse":1.8794896602630615,"_runtime":333.160158785}