{"_step":4,"_runtime":56.371338489,"train_rmse":5.934350714450502,"valid_rmse":5.731477737426758,"_timestamp":1.7280777697580032e+09,"_wandb":{"runtime":56},"valid_pr":0.5035286238619135,"train_loss":35.216518402099176,"epoch":4}