{"epoch":4,"_runtime":158.00832045,"_timestamp":1.7280757931863937e+09,"valid_rmse":5.618021011352539,"train_rmse":5.967001134494786,"train_loss":35.60510253906206,"_wandb":{"runtime":158},"valid_pr":0.4515242781368322,"_step":14}