{"_wandb":{"runtime":373},"_runtime":373.390153994,"train_rmse":0.23247045121542703,"valid_rmse":1.7126628160476685,"valid_pr":-0.18439430702500537,"_timestamp":1.7285645148466291e+09,"train_loss":0.054042510688304235,"_step":112,"epoch":112}