{"_wandb":{"runtime":29},"_timestamp":1.7280778004996922e+09,"train_loss":35.53773498535113,"train_rmse":5.9613534524763026,"epoch":4,"valid_rmse":5.736966609954834,"_step":4,"valid_pr":-0.6656783068202607,"_runtime":28.98916565}