{"_wandb":{"runtime":32},"valid_pr":0.48092932475711286,"_runtime":32.716620911,"train_rmse":5.95185802524189,"train_loss":35.424613952636285,"valid_rmse":5.357358455657959,"_step":4,"epoch":4,"_timestamp":1.7280778348109105e+09}