{"_wandb":{"runtime":2299},"epoch":2,"valid_pr":0.6920445566751199,"train_rmse":5.946043593661602,"_timestamp":1.728065979646843e+09,"train_loss":35.355434417724176,"valid_rmse":5.757528305053711,"_runtime":2294.694042286,"_step":433}