{"train_rmse":0.23514170015509794,"valid_pr":-0.2664231267282144,"train_loss":0.05529161915182999,"valid_rmse":1.7326602935791016,"_timestamp":1.7285652002459571e+09,"_step":113,"_wandb":{"runtime":347},"epoch":113,"_runtime":347.176448291}