{"_wandb":{"runtime":3451},"train_rmse":1.1560043898898325,"valid_rmse":1.2682068347930908,"train_loss":1.3363461494445636,"valid_pr":0.5565513393527134,"epoch":419,"_runtime":3450.900741715,"_step":419,"_timestamp":1.728341544872317e+09}