{"valid_rmse":4.185267448425293,"valid_pr":0.3832004098585323,"train_rmse":3.9146810868938955,"_timestamp":1.7283427015639617e+09,"train_loss":15.324728012084773,"_runtime":1152.194840827,"_wandb":{"runtime":1152},"epoch":140,"_step":140}